{"EXEC_CODE": "20221019_093004", "EPOCH": 5, "BATCH_SIZE": 64, "LR": 0.1, "OPTIMIZER": {"name": "Adam", "learning_rate": 0.10000000149011612, "decay": 0.0, "beta_1": 0.8999999761581421, "beta_2": 0.9990000128746033, "epsilon": 1e-07, "amsgrad": false}}