{"EXEC_CODE": "20221018_195158", "EPOCH": 2, "BATCH_SIZE": 64, "LR": 0.0001, "OPTIMIZER": {"name": "Adam", "learning_rate": 9.999999747378752e-05, "decay": 0.0, "beta_1": 0.8999999761581421, "beta_2": 0.9990000128746033, "epsilon": 1e-07, "amsgrad": false}}