{"EXEC_CODE": "20221018_120451", "EPOCH": 1000, "BATCH_SIZE": 64, "LR": 0.0001, "OPTIMIZER": {"name": "Adam", "learning_rate": 3.405616371310316e-05, "decay": 0.0, "beta_1": 0.8999999761581421, "beta_2": 0.9990000128746033, "epsilon": 1e-07, "amsgrad": false}}